Name	Start	Duration	Time Format	Type	Description
Marker 650	0:04.105	0:00.000	decimal	Cue	
Marker 651	0:06.631	0:00.000	decimal	Cue	
Marker 652	0:09.157	0:00.000	decimal	Cue	
Marker 653	0:11.684	0:00.000	decimal	Cue	
Marker 654	0:14.210	0:00.000	decimal	Cue	
Marker 655	0:16.736	0:00.000	decimal	Cue	
Marker 656	0:19.263	0:00.000	decimal	Cue	
Marker 657	0:21.789	0:00.000	decimal	Cue	
Marker 658	0:24.315	0:00.000	decimal	Cue	
Marker 659	0:26.842	0:00.000	decimal	Cue	
Marker 660	0:29.368	0:00.000	decimal	Cue	
Marker 661	0:31.894	0:00.000	decimal	Cue	
Marker 662	0:34.421	0:00.000	decimal	Cue	
Marker 663	0:36.947	0:00.000	decimal	Cue	
Marker 664	0:39.473	0:00.000	decimal	Cue	
Marker 665	0:42.000	0:00.000	decimal	Cue	
Marker 666	0:44.526	0:00.000	decimal	Cue	
Marker 667	0:47.052	0:00.000	decimal	Cue	
Marker 668	0:49.578	0:00.000	decimal	Cue	
Marker 669	0:52.105	0:00.000	decimal	Cue	
Marker 670	0:54.631	0:00.000	decimal	Cue	
Marker 671	0:57.157	0:00.000	decimal	Cue	
Marker 672	0:59.684	0:00.000	decimal	Cue	
Marker 673	1:02.210	0:00.000	decimal	Cue	
Marker 674	1:04.736	0:00.000	decimal	Cue	
Marker 675	1:07.263	0:00.000	decimal	Cue	
Marker 676	1:09.789	0:00.000	decimal	Cue	
Marker 677	1:12.315	0:00.000	decimal	Cue	
Marker 678	1:14.842	0:00.000	decimal	Cue	
Marker 680	1:17.368	0:00.000	decimal	Cue	
Marker 681	1:19.894	0:00.000	decimal	Cue	
Marker 682	1:22.421	0:00.000	decimal	Cue	
Marker 683	1:24.947	0:00.000	decimal	Cue	
Marker 684	1:27.473	0:00.000	decimal	Cue	
Marker 685	1:30.000	0:00.000	decimal	Cue	
Marker 687	1:32.526	0:00.000	decimal	Cue	
Marker 688	1:35.052	0:00.000	decimal	Cue	
Marker 689	1:37.578	0:00.000	decimal	Cue	
Marker 690	1:40.105	0:00.000	decimal	Cue	
Marker 691	1:42.631	0:00.000	decimal	Cue	
Marker 692	1:45.157	0:00.000	decimal	Cue	
Marker 693	1:47.684	0:00.000	decimal	Cue	
Marker 694	1:50.210	0:00.000	decimal	Cue	
Marker 695	1:52.736	0:00.000	decimal	Cue	
Marker 696	1:55.263	0:00.000	decimal	Cue	
Marker 697	1:57.789	0:00.000	decimal	Cue	
Marker 698	2:00.315	0:00.000	decimal	Cue	
Marker 699	2:02.842	0:00.000	decimal	Cue	
Marker 700	2:05.368	0:00.000	decimal	Cue	
Marker 701	2:07.894	0:00.000	decimal	Cue	
Marker 702	2:10.421	0:00.000	decimal	Cue	
Marker 703	2:12.947	0:00.000	decimal	Cue	
Marker 704	2:15.473	0:00.000	decimal	Cue	
Marker 705	2:18.000	0:00.000	decimal	Cue	
Marker 706	2:20.526	0:00.000	decimal	Cue	
Marker 707	2:23.052	0:00.000	decimal	Cue	
Marker 708	2:25.578	0:00.000	decimal	Cue	
Marker 709	2:28.105	0:00.000	decimal	Cue	
Marker 710	2:30.631	0:00.000	decimal	Cue	
Marker 712	2:33.157	0:00.000	decimal	Cue	
Marker 713	2:35.684	0:00.000	decimal	Cue	
Marker 714	2:38.210	0:00.000	decimal	Cue	
